{
    "epoch": [
        0,
        1,
        2,
        3,
        4,
        5,
        6,
        7,
        8,
        9,
        10,
        11,
        12,
        13,
        14,
        15,
        16,
        17,
        18,
        19,
        20,
        21,
        22,
        23,
        24,
        25,
        26,
        27,
        28,
        29,
        30,
        31,
        32,
        33,
        34,
        35,
        36,
        37,
        38,
        39,
        40,
        41,
        42,
        43,
        44,
        45,
        46,
        47,
        48,
        49
    ],
    "acuracy": [
        47.45762711864407,
        72.88135593220339,
        77.96610169491525,
        76.27118644067797,
        74.57627118644068,
        76.27118644067797,
        79.66101694915254,
        76.27118644067797,
        84.7457627118644,
        83.05084745762711,
        83.05084745762711,
        83.05084745762711,
        86.4406779661017,
        86.4406779661017,
        86.4406779661017,
        86.4406779661017,
        86.4406779661017,
        88.13559322033898,
        89.83050847457628,
        88.13559322033898,
        88.13559322033898,
        88.13559322033898,
        88.13559322033898,
        88.13559322033898,
        93.22033898305084,
        93.22033898305084,
        93.22033898305084,
        93.22033898305084,
        93.22033898305084,
        93.22033898305084,
        94.91525423728814,
        91.52542372881356,
        93.22033898305084,
        93.22033898305084,
        93.22033898305084,
        89.83050847457628,
        91.52542372881356,
        89.83050847457628,
        91.52542372881356,
        91.52542372881356,
        91.52542372881356,
        93.22033898305084,
        94.91525423728814,
        96.61016949152543,
        96.61016949152543,
        96.61016949152543,
        98.30508474576271,
        98.30508474576271,
        96.61016949152543,
        96.61016949152543
    ],
    "confusion matrix": [
        [
            [
                15,
                2,
                0
            ],
            [
                15,
                12,
                0
            ],
            [
                0,
                14,
                1
            ]
        ],
        [
            [
                13,
                4,
                0
            ],
            [
                11,
                15,
                1
            ],
            [
                0,
                0,
                15
            ]
        ],
        [
            [
                14,
                3,
                0,
                0
            ],
            [
                7,
                18,
                1,
                1
            ],
            [
                1,
                0,
                14,
                0
            ],
            [
                0,
                0,
                0,
                0
            ]
        ],
        [
            [
                14,
                3,
                0,
                0
            ],
            [
                6,
                19,
                1,
                1
            ],
            [
                3,
                0,
                12,
                0
            ],
            [
                0,
                0,
                0,
                0
            ]
        ],
        [
            [
                14,
                3,
                0,
                0
            ],
            [
                6,
                19,
                1,
                1
            ],
            [
                4,
                0,
                11,
                0
            ],
            [
                0,
                0,
                0,
                0
            ]
        ],
        [
            [
                14,
                3,
                0,
                0
            ],
            [
                6,
                19,
                1,
                1
            ],
            [
                3,
                0,
                12,
                0
            ],
            [
                0,
                0,
                0,
                0
            ]
        ],
        [
            [
                14,
                3,
                0,
                0
            ],
            [
                6,
                19,
                1,
                1
            ],
            [
                1,
                0,
                14,
                0
            ],
            [
                0,
                0,
                0,
                0
            ]
        ],
        [
            [
                14,
                3,
                0,
                0
            ],
            [
                8,
                17,
                1,
                1
            ],
            [
                1,
                0,
                14,
                0
            ],
            [
                0,
                0,
                0,
                0
            ]
        ],
        [
            [
                15,
                2,
                0,
                0
            ],
            [
                4,
                21,
                1,
                1
            ],
            [
                1,
                0,
                14,
                0
            ],
            [
                0,
                0,
                0,
                0
            ]
        ],
        [
            [
                14,
                3,
                0,
                0
            ],
            [
                3,
                22,
                1,
                1
            ],
            [
                1,
                1,
                13,
                0
            ],
            [
                0,
                0,
                0,
                0
            ]
        ],
        [
            [
                14,
                3,
                0,
                0
            ],
            [
                3,
                21,
                1,
                2
            ],
            [
                1,
                0,
                14,
                0
            ],
            [
                0,
                0,
                0,
                0
            ]
        ],
        [
            [
                14,
                3,
                0,
                0
            ],
            [
                3,
                21,
                1,
                2
            ],
            [
                1,
                0,
                14,
                0
            ],
            [
                0,
                0,
                0,
                0
            ]
        ],
        [
            [
                15,
                2,
                0,
                0
            ],
            [
                3,
                21,
                1,
                2
            ],
            [
                0,
                0,
                15,
                0
            ],
            [
                0,
                0,
                0,
                0
            ]
        ],
        [
            [
                15,
                2,
                0,
                0
            ],
            [
                3,
                21,
                1,
                2
            ],
            [
                0,
                0,
                15,
                0
            ],
            [
                0,
                0,
                0,
                0
            ]
        ],
        [
            [
                15,
                2,
                0,
                0
            ],
            [
                3,
                21,
